product_id,filename
P-2025-0001,pdfs/P-2025-0001_Pro_Moisturizer.pdf
P-2025-0002,pdfs/P-2025-0002_Deep_Lotion.pdf
P-2025-0003,pdfs/P-2025-0003_Daily_Moisturizer.pdf
P-2025-0004,texts/P-2025-0004_Ultra_Conditioner.txt
P-2025-0005,texts/P-2025-0005_Pro_Mask.txt
P-2025-0006,images/P-2025-0006_Pure_Lotion.png
P-2025-0007,images/P-2025-0007_Fresh_Lotion.png
P-2025-0008,pdfs/P-2025-0008_Radiant_Shampoo.pdf
P-2025-0009,pdfs/P-2025-0009_Pro_Lotion.pdf
P-2025-0010,pdfs/P-2025-0010_Deep_Conditioner.pdf
P-2025-0011,images/P-2025-0011_Daily_Shampoo.png
P-2025-0012,texts/P-2025-0012_Daily_Moisturizer.txt
P-2025-0013,texts/P-2025-0013_Radiant_Lotion.txt
P-2025-0014,texts/P-2025-0014_Max_Conditioner.txt
P-2025-0015,pdfs/P-2025-0015_Gentle_Shampoo.pdf
P-2025-0016,texts/P-2025-0016_Max_Conditioner.txt
P-2025-0017,images/P-2025-0017_Daily_Lotion.png
P-2025-0018,pdfs/P-2025-0018_Pure_Toner.pdf
P-2025-0019,pdfs/P-2025-0019_Active_Moisturizer.pdf
P-2025-0020,images/P-2025-0020_Daily_Lotion.png
P-2025-0021,pdfs/P-2025-0021_Ultra_Lotion.pdf
P-2025-0022,texts/P-2025-0022_Radiant_Shampoo.txt
P-2025-0023,images/P-2025-0023_Deep_Shampoo.png
P-2025-0024,texts/P-2025-0024_Pro_Conditioner.txt
P-2025-0025,images/P-2025-0025_Radiant_Lotion.png
P-2025-0026,images/P-2025-0026_Radiant_Sunscreen.png
P-2025-0027,texts/P-2025-0027_Daily_Cleanser.txt
P-2025-0028,images/P-2025-0028_Pro_Conditioner.png
P-2025-0029,images/P-2025-0029_Fresh_Cleanser.png
P-2025-0030,texts/P-2025-0030_Active_Conditioner.txt
